question,answer
How do I return a damaged product on Nykaa?,"To return a damaged product, go to 'My Orders' in your Nykaa Business account, select the item, and click 'Return'. Provide photos of the damage and submit within 5 days of delivery."
What is the refund timeline for cancelled Nykaa orders?,Refunds for cancelled orders are processed within 5–7 business days to the original payment method.
How can I track my bulk order shipment from Nykaa?,"Log into your Nykaa Biz dashboard, go to 'Orders', and use the tracking link provided. Notifications are sent via email and SMS."
Is there a minimum order value for B2B purchases on Nykaa?,"Yes, the minimum order value for B2B clients is ₹5,000 per invoice, excluding taxes and shipping."
How to use a vitamin C serum effectively?,"Apply 2–3 drops on cleansed face in the morning before sunscreen. Avoid mixing with retinol directly. Store in a cool, dark place."
How do I cancel a pending order on Nykaa?,"Visit 'My Orders', find the pending item, and click 'Cancel'. Orders that are already packed or shipped cannot be cancelled."
Can I get GST invoice for B2B purchases?,"Yes, all B2B orders on Nykaa include GST-compliant invoices. You can download them from your order summary page."
What are the return conditions for opened beauty products?,"Opened or used products are not eligible for return unless they are damaged, expired, or incorrect. Ensure proof is provided during return request."
How do I apply a clay mask properly?,"Apply a thin layer on clean skin, leave for 10–15 minutes until semi-dry, then rinse with lukewarm water. Use 1–2 times a week."
Can I schedule deliveries for bulk orders?,"Yes, scheduled deliveries can be arranged for large B2B orders via Nykaa Biz account manager or during checkout."
How can I return a damaged lipstick?,"To return a damaged lipstick, please contact Nykaa customer care within 7 days of delivery.  You'll need your order number and photos of the damaged lipstick and packaging.  They will guide you through the return process."
Can I cancel my Nykaa order before it is shipped?,"Yes, you can cancel your Nykaa order before it ships.  Contact Nykaa customer service immediately to request a cancellation."
What's the right way to use hyaluronic acid serum?,"Apply a few drops of hyaluronic acid serum to cleansed, damp skin.  Follow with moisturizer to seal in the hydration.  Use it morning and/or night."
How can I return a damaged lipstick?,"To return a damaged lipstick, please contact Nykaa customer care within 7 days of delivery.  You'll need your order number and photos of the damaged product and packaging.  They will guide you through the return process."
How do I return a product I ordered on Nykaa,"To return a Nykaa product, visit the Nykaa website or app, go to ""My Orders,"" select the order, and choose the ""Return/Replacement"" option. Follow the on-screen instructions.  You'll need to provide a reason for the return.  Nykaa will then guide you through the return process, including arranging a pickup."
get my money back?,"To get a refund, please contact Nykaa customer support with your order number and reason for return.  Our refund policy details the process and eligibility criteria.  You can find this policy on our website."
How can I return a damaged lipstick?,"To return a damaged lipstick, please contact Nykaa customer care within 7 days of delivery.  You'll need your order number and photos of the damaged lipstick and its packaging.  They will guide you through the return process."
How can I return a damaged lipstick?,"To return a damaged lipstick, please contact Nykaa customer care within 7 days of delivery.  They will guide you through the return process and provide a prepaid shipping label.  You'll need to provide proof of purchase and images of the damage."
How can I return a damaged lipstick?,"To return a damaged lipstick, please contact Nykaa customer care within 7 days of delivery.  They will guide you through the return process and provide a prepaid shipping label.  You'll need to provide proof of purchase and photos of the damage."
get my money back?,"To get a refund, please contact Nykaa customer support with your order number and reason for return.  Our refund policy details the process and eligibility criteria.  You can find this policy on our website."
uhh how get refund nykaa? nd serum best now?,"To get a refund from Nykaa, please visit our website's help section or contact our customer service.  For information on our best-selling serums, please browse our website's serum category or use the search function."
can i change order?,"No, you cannot change an order once it's been placed.  However, you can cancel it if it hasn't yet shipped, subject to our cancellation policy."
get my money back?,"To get a refund, please contact Nykaa customer support with your order number and reason for return.  Our refund policy details are available on our website."
uhh how get refund nykaa? nd serum best now?,"To get a refund from Nykaa, please visit our website's help section or contact our customer service.  For information on our best-selling serums, please browse our website's serum category or use the search function."
can i change order?,"No, you cannot change an order once it's been placed.  However, you can cancel it if it hasn't yet shipped.  Please contact our customer service for assistance with cancellations."
can i change order?,"No, you cannot change an order once it's been placed.  However, you can cancel it if it hasn't yet shipped.  Please contact our customer service for assistance with cancellations."
get my money back?,"To get a refund, please contact Nykaa customer support with your order number and reason for return.  Our refund policy details the process and eligibility criteria.  You can find this policy on our website."
get my money back?,"To get a refund, please contact Nykaa customer support with your order number and reason for return.  Our refund policy details the process and eligibility criteria."
Hi there!  I'd like to return something I bought from Nykaa.  How do I go about doing that?,"Hi there! To return an item, please visit our website's Returns & Refunds section for detailed instructions and eligibility criteria.  You can also contact our customer care for assistance."
how can I return a product on Nykaa?,"To return a product on Nykaa, visit the ""My Orders"" section of your account, select the order containing the item you wish to return, and follow the return instructions provided.  You'll need to specify the reason for return and initiate the return process.  Nykaa will then guide you through the steps, including arranging a pickup or providing return shipping details."
How can I return a damaged lipstick?,"To return a damaged lipstick, please visit our website's Returns & Refunds section for detailed instructions and the initiation of a return request within 7 days of delivery.  You will need your order number and a photograph of the damaged lipstick.  Once approved, you will receive a prepaid shipping label to return the product.  Upon receiving and verifying the damage, a full refund will be processed to your original payment method."
What is the forecast for Nykaa SKINRX Vitamin C Serum in North India for next month?,"**Demand Forecasting:**

**Product:** Nykaa SKINRX Vitamin C Serum
**Region:** North India
**Time Period:** Next Month

**Forecasted Units:** 15,000 units

**Key Factors Influencing Demand:**

* **Seasonal Trends:** Increased demand expected due to upcoming wedding season and improved weather conditions.
* **Marketing Campaigns:**  Success of ongoing digital marketing campaigns focusing on skincare benefits of Vitamin C.
* **Competitor Activity:** Moderate competitor activity in the Vitamin C serum market; however, Nykaa SKINRX enjoys strong brand loyalty.
* **Price Sensitivity:**  Slight price increase observed in competitor products; this could positively impact Nykaa SKINRX sales.

**Inventory Planning Recommendation:**

Maintain a safety stock of 2,000 units to account for unforeseen demand fluctuations.  Consider a phased inventory approach, starting with 10,000 units and adjusting based on sales performance in the first two weeks of next month.  Closely monitor sales data and adjust inventory levels accordingly to avoid stockouts or excess inventory."
How does Nykaa's pricing compare to Purplle's for skincare products?,"**Competitor Analysis:**

Nykaa and Purplle both offer a wide range of skincare products, but their pricing strategies differ.  Nykaa generally positions itself in the mid-to-high price range, offering a mix of luxury and drugstore brands. Purplle, on the other hand, focuses on a broader price spectrum, catering to a wider range of budgets with a stronger emphasis on affordable options.  Direct price comparisons are difficult without specifying product categories, but generally, Purplle offers more budget-friendly options, while Nykaa provides a wider selection of premium brands.  Sales trends indicate that both platforms experience strong growth, but Purplle's aggressive pricing strategy might attract a larger customer base seeking affordable skincare.  Nykaa's strength lies in its established brand reputation and wider selection of luxury brands.

**Strategic Insights:**

To maintain a competitive edge, Nykaa should consider:

* **Targeted Promotions:**  Offer competitive pricing on specific product categories to counter Purplle's affordability advantage.  Focus on promotions that highlight Nykaa's unique value proposition, such as exclusive brand partnerships or personalized skincare consultations.
* **Strengthening Private Label:** Invest in developing and marketing Nykaa's own skincare line to offer competitive pricing while maintaining brand quality and margins.
* **Loyalty Programs:** Enhance existing loyalty programs to reward repeat customers and encourage higher spending.
* **Data-Driven Pricing:** Implement dynamic pricing strategies based on real-time demand and competitor pricing to optimize profitability.
* **Focus on Premiumization:** Continue to leverage its strong position in the premium skincare segment by highlighting the unique benefits and experiences associated with luxury brands."
Can you help with a refund request,"To initiate a refund request, please visit our website and navigate to the 'My Orders' section. Locate the order you wish to return and click on the 'Return/Refund' option.  Follow the on-screen instructions, providing the necessary details and reason for the return.  Our team will review your request and process your refund within [Number] business days.  You will receive a confirmation email once the refund is processed.  For further assistance, contact our customer support team at [Phone Number] or [Email Address]."
Please assist with a refund request,"To initiate a refund request, please visit our website and navigate to the 'My Orders' section. Locate the order you wish to return and click on the 'Return/Refund' option.  Follow the on-screen instructions, providing the necessary details and reason for the return.  Once your return is processed and approved, the refund will be credited back to your original payment method within 7-10 business days.  For further assistance, contact our customer support team at [Phone Number] or [Email Address]."
get my money back?,"To initiate a refund, please visit our website and navigate to the 'My Orders' section. Locate the order you wish to return and follow the return instructions provided.  Ensure the product is in its original packaging and condition.  Once we receive the returned product, we will process your refund within 7-10 business days.  You will receive a notification once the refund is credited to your original payment method.  For further assistance, contact our customer support team at [Phone Number] or [Email Address]."
uhh how get refund nykaa? nd serum best now?,"To initiate a refund, please visit the Nykaa website and navigate to 'My Orders'. Locate the order you wish to return and follow the return instructions.  For detailed information, refer to Nykaa's return policy on their website.

Regarding the best serum,  that depends on your skin type and concerns.  To recommend a suitable serum, please specify your skin type (e.g., oily, dry, combination) and concerns (e.g., acne, wrinkles, brightening).  We can then provide personalized recommendations from our extensive range."
get my money back?,"To initiate a refund, please visit our website and navigate to the 'My Orders' section. Locate the order you wish to return and click on the 'Return/Refund' option.  Follow the on-screen instructions, providing the necessary details and reason for the return.  Once your return is processed and accepted, the refund will be credited back to your original payment method within 7-10 business days.  For faster processing, ensure you have the order ID and a clear picture of the product and packaging."
get my money back?,"To initiate a refund, please visit our website and navigate to the 'My Orders' section. Locate the order you wish to return and follow the return instructions provided.  Ensure your product is in its original packaging and condition.  Once we receive and process the returned item, the refund will be processed according to our refund policy, typically within 7-10 business days.  For further assistance, contact our customer service team at [phone number] or [email address]."
can i change order?,"Our policy regarding order changes depends on the order status.  If your order hasn't been shipped yet, contact us immediately through our customer support channels (phone, email, or chat) and we'll do our best to accommodate your request.  However, once an order is shipped, changes cannot be made.  We recommend reviewing your order details carefully before confirming your purchase."
product features,"The query ""product features"" is too broad to provide a specific answer without further details.  To best assist you, please specify the product you are interested in.  However, in general, Nykaa focuses on providing high-quality products with diverse features catering to a wide range of customer needs and preferences.  Our product features are regularly updated based on market trends and customer feedback.  To improve our product feature strategy, we recommend conducting more granular customer surveys to understand specific feature preferences across different product categories and demographics. This data can inform product development and marketing efforts, leading to increased customer satisfaction and sales.  We also suggest leveraging A/B testing on product pages to optimize feature highlighting and improve conversion rates."
product features.,"This query is too broad.  To provide helpful insights, please specify the product category and/or product name.  For example, ""What are the features of the Nykaa SKINgenius Vitamin C serum?""  More specific information will allow for a more detailed and useful response."
product features.,"This query is too broad.  To provide helpful insights, please specify the product you are interested in.  For example, ""What are the features of the Nykaa Naturals Tea Tree Face Wash?""  Providing a specific product will allow for a detailed response outlining its features and benefits."
product features.,"This query is too broad.  To provide useful insights, please specify the product category and/or product name.  For example, ""What are the features of the Nykaa Naturals Tea Tree Face Wash?""  More specific information will allow for a more detailed and helpful response."
product features.,"The query ""product features"" is too broad to provide a specific answer without further details.  To best assist you, please specify the product you are interested in.  However, generally speaking, Nykaa's product features focus on a wide range of categories including cosmetics, skincare, haircare, fragrances, and personal care items.  Key features often highlighted include high-quality ingredients, diverse product ranges catering to various skin tones and hair types, and curated selections based on customer reviews and trends.  For a more precise understanding of specific product features, please specify the product name and category.  This will allow for a more detailed and helpful response."
product features.,"This query is too broad.  To provide helpful insights, please specify the product you are interested in.  For example, ""What are the features of the Nykaa Matte Lipstick in shade 'Rose Bloom'?""  Providing more detail will allow for a more precise and useful response."
product features,"The query ""product features"" is too broad for a direct FAQ response.  To provide useful insights, more specifics are needed.  However,  a strategic approach to product features involves understanding customer needs and competitive offerings.  Nykaa should conduct thorough market research to identify unmet needs and differentiate its products.  This includes analyzing customer reviews, conducting surveys, and monitoring competitor product features.  Recommendations include:

* **Enhanced Product Descriptions:**  Improve online product descriptions with detailed specifications, high-quality images, and customer reviews to enhance clarity and build trust.
* **Focus on Unique Selling Propositions (USPs):**  Highlight unique features that differentiate Nykaa's products from competitors, emphasizing benefits rather than just features.
* **Personalized Product Recommendations:** Leverage data analytics to offer personalized product recommendations based on customer purchase history and preferences.
* **Continuous Product Innovation:** Invest in R&D to develop innovative products and improve existing ones based on customer feedback and market trends.  This includes exploring new formulations, packaging, and functionalities.
* **Product Line Optimization:** Regularly review the product portfolio to identify underperforming products and streamline the range to focus on high-demand and profitable items."
outline the applicable product return policies.,"Nykaa's return policy allows for returns within 15 days of delivery for unopened and undamaged products.  For damaged or defective products, please contact customer support within 24 hours of delivery with photographic evidence.  Refunds are processed within 7-10 business days of receiving the returned product.  Certain products, such as intimate apparel and health & personal care items, may have restrictions on returns.  Please refer to the detailed return policy on our website for complete information."
detail the applicable product return policies.,"Nykaa's return policy allows for returns within 15 days of delivery for unopened and undamaged products.  For damaged or defective products, please contact customer support within 7 days of delivery with photographic evidence.  Refunds are processed after the product is received and inspected.  Certain products, such as intimate apparel and hygiene products, are non-returnable unless damaged or defective.  For complete details, please refer to our website's return policy section."
provide details on the applicable product return policies.,"Nykaa's return policy allows for returns within 15 days of delivery for unopened and undamaged products.  For damaged or defective products, please contact our customer service within 7 days of delivery with photographic evidence.  Refunds will be processed within 7-10 business days of receiving the returned product.  Certain products, such as intimate apparel, are non-returnable.  Please refer to our website for complete details and exceptions."
customer reviews.  Additionally,"Analyzing customer reviews is crucial for improving Nykaa's offerings and customer experience.  A sentiment analysis of reviews can identify areas needing improvement, such as product quality, packaging, or customer service.  Positive reviews can highlight successful aspects to leverage in marketing.  Specifically, categorizing reviews by product, brand, and issue allows for targeted improvements.  For example, consistently negative reviews about a specific lipstick shade could indicate a need for reformulation or removal from the product line.  Conversely, positive reviews about a particular serum could inform targeted advertising campaigns highlighting its benefits.  Regular monitoring and analysis of customer reviews, coupled with proactive responses to negative feedback, are essential for building brand loyalty and improving customer satisfaction.  This data should inform product development, marketing strategies, and customer service training.  A system for tracking review trends over time will provide valuable insights into the effectiveness of implemented changes."
what are the product return policies?,"Nykaa's return policy allows for returns within 15 days of delivery for unopened and undamaged products.  For damaged or defective products, please contact customer support within 7 days of delivery with photographic evidence.  Refunds are processed after the product is received and inspected.  For more details, please refer to our website's FAQs section on returns and refunds."
what are the product return policies,"Nykaa's return policy allows for returns within 15 days of delivery for unopened and undamaged products.  For damaged or defective products, please contact customer support within 24 hours of delivery with photographic evidence.  Refunds are processed after the product is received and inspected.  For more details, please refer to our website's FAQs section on returns and refunds."
what are the product return policies,"Nykaa's return policy allows for returns within 15 days of delivery for unopened and undamaged products.  For damaged or defective products, please contact customer support with photographic evidence within 24 hours of delivery for assistance.  Refunds will be processed within 7-10 business days of receiving the returned product.  For more details, please refer to our website's FAQs section on returns and refunds."
what are the product return policies,"Nykaa's return policy allows for returns within 15 days of delivery for unopened and undamaged products.  For damaged or defective products, please contact customer support with images within 7 days of delivery for assistance.  Refunds are processed after the product is received and inspected.  For more details, please refer to our website's return policy section."
what are the product return policies?,"Nykaa's return policy allows for returns within 15 days of delivery for unopened and undamaged products.  For damaged or defective products, please contact customer support within 7 days of delivery with photographic evidence.  Refunds are processed within 7-10 business days of receiving the returned product.  For more details, please refer to our website's FAQs section on returns and refunds."
How do I return a lipstick on Nykaa,"To return a lipstick, please visit our website's ""My Orders"" section.  Initiate a return request within 7 days of delivery, ensuring the product is unopened and in its original packaging.  Once approved, you'll receive a prepaid shipping label.  After we receive the returned item, your refund will be processed within 7-10 business days.  For more details, refer to our Return Policy on our website."
How do I return a lipstick on Nykaa,"To return a lipstick purchased on Nykaa, please visit our website and navigate to the 'My Orders' section. Locate the order containing the lipstick and initiate a return request.  Ensure the product is unopened and in its original packaging.  Once your return request is approved, you will receive instructions on how to ship the product back.  You will receive a refund once we receive and inspect the returned item.  For more details, please refer to our Return Policy on our website."
what are the product return policies?,"Nykaa's return policy allows for returns within 15 days of delivery for unopened and undamaged products.  For damaged or defective products, please contact customer support with photographic evidence within 24 hours of delivery for a replacement or refund.  Refunds are processed within 7-10 business days of receiving the returned product.  For more details, please refer to our website's return policy section."
HI,"HI.  To best assist you, please provide me with your query.  I can help with FAQs, demand forecasting, competitor analysis, and strategic insights for Nykaa."
what are the product return policies?,"Nykaa's return policy allows for returns within 15 days of delivery for unopened and undamaged products.  For damaged or defective products, please contact customer support within 7 days of delivery with photographic evidence.  Refunds will be processed within 7-10 business days of receiving the returned product.  For more details, please refer to our website's FAQs section on returns and refunds."
what are the product return policies?,"Nykaa's return policy allows for returns within 15 days of delivery for unopened and undamaged products.  For damaged or defective products, please contact customer support within 7 days of delivery with photographic evidence.  Refunds are processed after the product is received and inspected.  For more details, please refer to our website's FAQs section on returns and refunds."
what are the product return policies?,"Nykaa's return policy allows for returns within 15 days of delivery for unopened and undamaged products.  For damaged or defective products, please contact customer support with photographic evidence within 24 hours of delivery.  Refunds will be processed within 7-10 business days after the product is received back at our warehouse.  For more details, please refer to the complete return policy on our website."
what are the product return policies?,"Nykaa's return policy allows for returns within 15 days of delivery for unopened and undamaged products.  For damaged or defective products, please contact customer support within 7 days of delivery with photographic evidence.  Refunds are processed within 7-10 business days after the product is received back at our warehouse.  For more details, please refer to our website's return policy section."
what are the product return policies?,"Nykaa's return policy allows for returns within 15 days of delivery for unopened and undamaged products.  A full refund will be processed upon receipt and inspection of the returned product.  For damaged or defective products, please contact customer support within 24 hours of delivery with photographic evidence for a replacement or refund.  For more details, please refer to our website's return policy section."
what are the product return policies??,"Nykaa's return policy allows for returns within 15 days of delivery for unopened and undamaged products.  For damaged or defective products, please contact customer support with images within 7 days of delivery for assistance.  Refunds are processed after the product is received and inspected.  For more details, please refer to our website's FAQs section on returns and refunds."
what are the product return policies?,"Nykaa's return policy allows for returns within 15 days of delivery for unopened and undamaged products.  For damaged or defective products, please contact customer support within 7 days of delivery with photographic evidence.  Refunds are processed after the product is received and inspected.  For more details, please visit our website's FAQ section on returns."
what are the product return policies?,"Nykaa's return policy allows for returns within 15 days of delivery for unopened and undamaged products.  For damaged or defective products, please contact customer support within 24 hours of delivery with photographic evidence.  Refunds are processed after the product is received and inspected.  For more details, please refer to our website's FAQ section on returns and refunds."
what are the product return policies?,"Nykaa's return policy allows for returns within 15 days of delivery for unopened and undamaged products.  For damaged or defective products, please contact customer support within 7 days of delivery with photographic evidence.  Refunds are processed after the product is received and inspected.  For more details, please visit our website's FAQ section on returns."
Hi,"Hi!  How can I help you today?  To best assist you, please provide me with your query."
